{"1": 0.684425560684478, "3": 0.315574439315522, "4": 0.29310314109074065, "5": 0.7068968589092594, "11": 0.31525796902903835, "12": 0.6847420309709616}