{"5": 0.5276893570445942, "6": 0.4723106429554058, "7": 0.3691429129246388, "9": 0.6308570870753611, "10": 0.2398466822156222, "11": 0.7601533177843778}