{"5": 0.5461983214994429, "6": 0.4538016785005571, "7": 0.49952591290673204, "9": 0.500474087093268, "10": 0.17659151384739527, "11": 0.8234084861526048}