{"1": 0.5539071780932247, "3": -0.44609282190677535, "4": 0.33912453489337285, "5": -0.6608754651066271, "11": 0.25449874650487564, "12": -0.7455012534951244}